Id,Predicted
5,FALSE
7,FALSE
8,FALSE
14,FALSE
16,FALSE
17,FALSE
21,FALSE
26,TRUE
28,FALSE
30,FALSE
31,FALSE
38,FALSE
42,FALSE
53,FALSE
55,FALSE
64,FALSE
65,FALSE
79,FALSE
81,FALSE
91,FALSE
92,FALSE
117,FALSE
137,FALSE
139,FALSE
155,FALSE
157,FALSE
166,FALSE
168,FALSE
182,FALSE
187,FALSE
206,FALSE
213,FALSE
218,FALSE
221,FALSE
231,FALSE
234,FALSE
236,FALSE
246,FALSE
255,FALSE
261,FALSE
263,TRUE
264,FALSE
270,FALSE
273,FALSE
285,FALSE
287,FALSE
289,FALSE
304,FALSE
314,FALSE
320,FALSE
321,FALSE
322,FALSE
324,FALSE
326,FALSE
327,FALSE
337,FALSE
343,FALSE
345,FALSE
353,FALSE
354,FALSE
355,FALSE
358,FALSE
363,FALSE
366,FALSE
367,FALSE
368,FALSE
377,FALSE
382,FALSE
384,FALSE
385,FALSE
390,FALSE
399,FALSE
401,FALSE
404,FALSE
405,FALSE
406,FALSE
408,FALSE
421,FALSE
433,FALSE
435,FALSE
436,FALSE
437,FALSE
445,FALSE
452,FALSE
455,FALSE
457,FALSE
459,FALSE
462,FALSE
463,FALSE
469,FALSE
473,FALSE
476,FALSE
486,FALSE
488,FALSE
512,FALSE
514,FALSE
518,FALSE
524,FALSE
527,FALSE
538,FALSE
539,FALSE
549,FALSE
550,FALSE
551,FALSE
552,FALSE
555,FALSE
558,FALSE
564,FALSE
573,FALSE
577,FALSE
582,FALSE
584,FALSE
593,FALSE
602,FALSE
606,FALSE
609,FALSE
623,FALSE
625,FALSE
626,FALSE
632,FALSE
646,FALSE
652,FALSE
653,FALSE
659,FALSE
660,FALSE
664,FALSE
671,FALSE
675,FALSE
679,FALSE
685,FALSE
695,FALSE
697,FALSE
698,FALSE
699,FALSE
701,FALSE
702,FALSE
708,FALSE
711,FALSE
713,FALSE
718,FALSE
720,FALSE
721,FALSE
724,FALSE
725,FALSE
726,FALSE
729,FALSE
730,FALSE
737,FALSE
740,FALSE
744,FALSE
750,FALSE
751,FALSE
753,FALSE
763,FALSE
764,FALSE
770,FALSE
779,FALSE
782,FALSE
784,FALSE
788,FALSE
791,FALSE
793,FALSE
797,FALSE
799,FALSE
801,FALSE
813,FALSE
818,FALSE
826,FALSE
833,FALSE
835,FALSE
848,FALSE
850,FALSE
867,FALSE
869,FALSE
876,FALSE
877,FALSE
882,FALSE
894,FALSE
906,FALSE
907,FALSE
912,FALSE
914,FALSE
918,TRUE
919,FALSE
921,FALSE
923,FALSE
938,FALSE
941,FALSE
943,FALSE
948,FALSE
955,FALSE
960,FALSE
964,FALSE
966,FALSE
973,FALSE
976,FALSE
988,FALSE
990,FALSE
991,FALSE
998,FALSE
999,FALSE
1001,FALSE
1003,FALSE
1004,FALSE
1007,FALSE
1011,FALSE
1012,FALSE
1015,FALSE
1026,FALSE
1032,FALSE
1037,FALSE
1054,FALSE
1055,FALSE
1061,FALSE
1069,FALSE
1074,FALSE
1077,FALSE
1087,FALSE
1092,FALSE
1094,FALSE
1097,FALSE
1098,FALSE
1104,FALSE
1112,FALSE
1127,FALSE
1138,FALSE
1152,FALSE
1155,FALSE
1159,FALSE
1160,FALSE
1162,FALSE
1165,FALSE
1168,FALSE
1179,FALSE
1194,FALSE
1203,FALSE
1207,FALSE
1210,FALSE
1212,FALSE
1214,FALSE
1215,FALSE
1225,FALSE
1227,FALSE
1229,FALSE
1231,FALSE
1250,FALSE
1251,FALSE
1255,FALSE
1256,FALSE
1262,FALSE
1274,FALSE
1275,FALSE
1277,FALSE
1279,FALSE
1282,FALSE
1285,FALSE
1286,FALSE
1290,FALSE
1296,FALSE
1297,FALSE
1300,FALSE
1301,FALSE
1303,FALSE
1310,FALSE
1325,FALSE
1331,FALSE
1337,FALSE
1341,FALSE
1342,FALSE
1346,FALSE
1348,FALSE
1352,FALSE
1356,FALSE
1359,FALSE
1367,FALSE
1371,FALSE
1373,FALSE
1374,FALSE
1376,FALSE
1381,FALSE
1393,FALSE
1394,FALSE
1399,FALSE
1400,FALSE
1404,FALSE
1406,FALSE
1418,FALSE
1428,FALSE
1440,FALSE
1441,FALSE
1443,FALSE
1457,FALSE
1465,FALSE
1468,FALSE
1479,FALSE
1481,FALSE
1491,FALSE
1496,FALSE
1498,TRUE
1502,FALSE
1514,FALSE
1516,FALSE
1519,FALSE
1520,FALSE
1528,FALSE
1529,FALSE
1530,FALSE
1531,FALSE
1534,FALSE
1536,FALSE
1537,FALSE
1551,FALSE
1553,FALSE
1554,FALSE
1559,FALSE
1572,FALSE
1576,FALSE
1581,FALSE
1584,FALSE
1587,FALSE
1589,FALSE
1593,FALSE
1596,FALSE
1601,FALSE
1618,FALSE
1620,FALSE
1624,FALSE
1637,FALSE
1643,FALSE
1652,FALSE
1666,FALSE
1670,FALSE
1678,FALSE
1693,FALSE
1694,FALSE
1696,FALSE
1699,FALSE
1702,FALSE
1714,FALSE
1719,FALSE
1720,FALSE
1735,FALSE
1736,FALSE
1738,FALSE
1748,FALSE
1749,FALSE
1757,FALSE
1758,FALSE
1771,FALSE
1778,FALSE
1780,FALSE
1798,FALSE
1803,FALSE
1810,FALSE
1814,FALSE
1819,FALSE
1823,FALSE
1825,FALSE
1828,FALSE
1840,FALSE
1843,FALSE
1845,FALSE
1848,FALSE
1865,FALSE
1866,FALSE
1867,FALSE
1868,FALSE
1881,FALSE
1886,FALSE
1887,FALSE
1889,FALSE
1892,FALSE
1898,FALSE
1900,FALSE
1901,FALSE
1902,FALSE
1904,FALSE
1912,FALSE
1913,FALSE
1918,FALSE
1919,FALSE
1920,FALSE
1926,FALSE
1929,FALSE
1939,FALSE
1951,FALSE
1952,TRUE
1953,FALSE
1954,TRUE
1958,FALSE
1963,FALSE
1966,FALSE
1967,FALSE
1969,FALSE
1973,FALSE
1990,FALSE
1996,FALSE
2006,FALSE
2009,FALSE
2036,FALSE
2045,FALSE
2049,FALSE
2052,FALSE
2055,FALSE
2056,TRUE
2067,FALSE
2087,FALSE
2088,FALSE
2094,FALSE
2100,FALSE
2107,FALSE
2112,FALSE
2113,FALSE
2116,FALSE
2126,FALSE
2127,FALSE
2130,FALSE
2132,FALSE
2135,FALSE
2136,FALSE
2138,FALSE
2140,FALSE
2149,FALSE
2156,FALSE
2159,FALSE
2165,FALSE
2167,FALSE
2169,FALSE
2181,FALSE
2187,FALSE
2190,FALSE
2192,FALSE
2195,FALSE
2197,FALSE
2200,FALSE
2204,FALSE
2205,FALSE
2214,FALSE
2219,FALSE
2222,FALSE
2225,FALSE
2227,FALSE
2234,FALSE
2237,FALSE
2244,FALSE
2252,FALSE
2258,FALSE
2260,FALSE
2275,FALSE
2277,FALSE
2284,FALSE
2288,FALSE
2291,FALSE
2294,TRUE
2296,FALSE
2299,FALSE
2305,FALSE
2306,FALSE
2315,FALSE
2316,FALSE
2322,FALSE
2331,FALSE
2333,FALSE
2334,FALSE
2348,FALSE
2354,FALSE
2359,FALSE
2366,FALSE
2371,FALSE
2377,FALSE
2380,FALSE
2381,FALSE
2387,FALSE
2388,FALSE
2392,FALSE
2403,FALSE
2405,FALSE
2413,FALSE
2422,FALSE
2430,FALSE
2432,FALSE
2434,FALSE
2461,FALSE
2472,FALSE
2475,FALSE
2487,FALSE
2488,FALSE
2490,FALSE
2492,TRUE
2495,FALSE
2501,FALSE
2508,FALSE
2513,FALSE
2516,FALSE
2517,FALSE
2521,FALSE
2524,FALSE
2532,FALSE
2537,FALSE
2543,FALSE
2544,FALSE
2553,FALSE
2555,FALSE
2558,FALSE
2560,FALSE
2567,TRUE
2568,FALSE
2572,FALSE
2580,FALSE
2581,FALSE
2587,FALSE
2595,FALSE
2600,FALSE
2602,FALSE
2603,FALSE
2615,FALSE
2621,FALSE
2631,FALSE
2633,FALSE
2636,FALSE
2638,FALSE
2640,FALSE
2641,TRUE
2646,FALSE
2654,FALSE
2658,FALSE
2672,FALSE
2684,FALSE
2687,FALSE
2689,FALSE
2692,FALSE
2699,FALSE
2702,FALSE
2713,FALSE
2720,FALSE
2734,FALSE
2738,TRUE
2744,FALSE
2748,FALSE
2755,FALSE
2756,FALSE
2761,FALSE
2765,FALSE
2766,FALSE
2770,FALSE
2772,FALSE
2778,FALSE
2784,FALSE
2788,FALSE
2795,FALSE
2808,FALSE
2809,FALSE
2811,FALSE
2819,FALSE
2832,FALSE
2834,FALSE
2835,FALSE
2845,FALSE
2847,FALSE
2851,FALSE
2872,FALSE
2876,FALSE
2877,FALSE
2887,FALSE
2888,FALSE
2893,FALSE
2894,FALSE
2902,FALSE
2916,FALSE
2926,FALSE
2927,FALSE
2937,FALSE
2938,FALSE
2940,FALSE
2952,FALSE
2953,FALSE
2958,TRUE
2962,FALSE
2965,FALSE
2966,TRUE
2967,FALSE
2971,FALSE
2976,FALSE
2981,FALSE
2988,FALSE
2990,FALSE
2997,FALSE
3009,FALSE
3013,FALSE
3014,FALSE
3016,FALSE
3019,FALSE
3026,FALSE
3030,FALSE
3033,FALSE
3051,FALSE
3055,FALSE
3058,FALSE
3065,FALSE
3070,FALSE
3080,FALSE
3082,FALSE
3083,FALSE
3086,FALSE
3087,FALSE
3090,FALSE
3098,FALSE
3101,FALSE
3106,FALSE
3107,FALSE
3109,FALSE
3110,FALSE
3112,FALSE
3118,FALSE
3120,FALSE
3123,FALSE
3128,FALSE
3131,FALSE
3134,FALSE
3135,FALSE
3138,FALSE
3143,FALSE
3145,FALSE
3148,FALSE
3154,FALSE
3164,FALSE
3172,FALSE
3181,FALSE
3187,FALSE
3193,FALSE
3195,FALSE
3197,FALSE
3204,FALSE
3205,FALSE
3206,FALSE
3214,FALSE
3220,FALSE
3221,FALSE
3222,FALSE
3223,FALSE
3224,FALSE
3227,FALSE
3228,FALSE
3234,FALSE
3238,FALSE
3244,FALSE
3246,FALSE
3252,FALSE
3257,FALSE
3259,FALSE
3264,FALSE
3275,FALSE
3277,FALSE
3288,FALSE
3292,FALSE
3300,FALSE
3302,FALSE
3313,FALSE
3316,FALSE
3319,FALSE
3323,FALSE
3325,FALSE
3329,FALSE
3331,FALSE
3334,FALSE
3339,FALSE
3340,FALSE
3341,FALSE
3343,FALSE
3344,FALSE
3351,FALSE
3358,FALSE
3363,FALSE
3364,FALSE
3365,FALSE
3371,FALSE
3378,FALSE
3379,FALSE
3389,FALSE
3391,FALSE
3394,FALSE
3405,FALSE
3406,FALSE
3409,FALSE
3416,FALSE
3423,FALSE
3429,FALSE
3431,FALSE
3437,FALSE
3442,FALSE
3448,FALSE
3452,FALSE
3454,FALSE
3465,FALSE
3474,FALSE
3475,FALSE
3482,FALSE
3486,FALSE
3487,FALSE
3493,FALSE
3510,FALSE
3524,FALSE
3528,FALSE
3534,FALSE
3539,FALSE
3544,FALSE
3549,TRUE
3550,FALSE
3551,FALSE
3556,FALSE
3558,FALSE
3568,FALSE
3581,FALSE
3585,FALSE
3586,FALSE
3598,FALSE
3602,FALSE
3610,FALSE
3611,FALSE
3613,FALSE
3616,FALSE
3619,FALSE
3621,FALSE
3626,FALSE
3638,TRUE
3643,FALSE
3645,FALSE
3647,FALSE
3655,FALSE
3661,FALSE
3663,FALSE
3672,FALSE
3673,FALSE
3674,FALSE
3686,FALSE
3687,FALSE
3695,FALSE
3699,FALSE
3701,FALSE
3703,FALSE
3705,FALSE
3708,FALSE
3716,FALSE
3718,FALSE
3723,FALSE
3725,FALSE
